{"stats":{"minecraft:killed":{"minecraft:trader_llama":1,"minecraft:wandering_trader":1},"minecraft:picked_up":{"minecraft:writable_book":3},"minecraft:custom":{"minecraft:time_since_rest":1057174,"minecraft:sprint_one_cm":151482,"minecraft:walk_one_cm":157476,"minecraft:mob_kills":2,"minecraft:interact_with_anvil":1,"minecraft:damage_dealt":90,"minecraft:tune_noteblock":108,"minecraft:fly_one_cm":13098238,"minecraft:open_chest":31,"minecraft:crouch_one_cm":15485,"minecraft:play_time":1057174,"minecraft:sneak_time":70399,"minecraft:jump":890,"minecraft:leave_game":15,"minecraft:time_since_death":1057174,"minecraft:total_world_time":116944},"minecraft:mined":{"minecraft:glass":23},"minecraft:used":{"minecraft:redstone_torch":711,"minecraft:sticky_piston":53,"minecraft:glass":218,"minecraft:crimson_button":3,"minecraft:lever":30,"minecraft:honey_block":506,"minecraft:writable_book":63,"minecraft:command_block":26,"minecraft:red_wool":1100,"minecraft:iron_block":210,"minecraft:netherite_axe":7,"minecraft:redstone":1233,"minecraft:slime_block":303,"minecraft:lime_wool":24,"minecraft:stone_button":1,"minecraft:oak_sign":11,"minecraft:chest":5,"minecraft:redstone_block":75,"minecraft:structure_block":7,"minecraft:light_gray_wool":542,"minecraft:repeater":177,"minecraft:redstone_lamp":4,"minecraft:target":7,"minecraft:anvil":1,"minecraft:comparator":13,"minecraft:birch_sign":30,"minecraft:netherite_pickaxe":16,"minecraft:note_block":25,"minecraft:white_concrete":2,"minecraft:observer":1}},"DataVersion":2730}