{"stats":{"minecraft:killed":{"minecraft:cow":1},"minecraft:dropped":{"minecraft:diamond_sword":3,"minecraft:cyan_wool":1,"minecraft:gray_stained_glass":1,"minecraft:stone_button":1,"minecraft:repeater":1,"minecraft:light_blue_wool":1,"minecraft:wooden_axe":1,"minecraft:cow_spawn_egg":1,"minecraft:jungle_trapdoor":1,"minecraft:oak_sign":3,"minecraft:white_wool":6,"minecraft:redstone":1},"minecraft:custom":{"minecraft:time_since_rest":9237058,"minecraft:sprint_one_cm":514680,"minecraft:inspect_dropper":52,"minecraft:walk_one_cm":977683,"minecraft:mob_kills":1,"minecraft:drop":21,"minecraft:inspect_hopper":18,"minecraft:damage_dealt":101,"minecraft:fly_one_cm":93512415,"minecraft:crouch_one_cm":106023,"minecraft:play_one_minute":16201644,"minecraft:sneak_time":308563,"minecraft:jump":5069,"minecraft:leave_game":220,"minecraft:time_since_death":16201644},"minecraft:used":{"minecraft:redstone_torch":705,"minecraft:sticky_piston":179,"minecraft:glass":8,"minecraft:wooden_axe":4,"minecraft:lever":249,"minecraft:cow_spawn_egg":141,"minecraft:command_block":41,"minecraft:slime_block":145,"minecraft:dropper":27,"minecraft:red_sandstone_slab":142729,"minecraft:red_wool":1324,"minecraft:iron_block":10,"minecraft:green_wool":524,"minecraft:oak_button":2,"minecraft:redstone":6061,"minecraft:lime_wool":484,"minecraft:stone_button":15,"minecraft:oak_sign":108,"minecraft:blue_wool":121,"minecraft:redstone_block":29,"minecraft:pink_wool":580,"minecraft:light_gray_wool":3394,"minecraft:white_wool":1324,"minecraft:pink_concrete":1,"minecraft:repeater":672,"minecraft:diamond_block":1,"minecraft:redstone_lamp":21,"minecraft:anvil":3,"minecraft:comparator":9,"minecraft:hopper":25,"minecraft:light_blue_wool":1954,"minecraft:orange_wool":45,"minecraft:smooth_stone_slab":199,"minecraft:gray_concrete":9,"minecraft:white_concrete":4,"minecraft:gray_wool":150,"minecraft:cyan_wool":395,"minecraft:obsidian":53,"minecraft:gray_stained_glass":1},"minecraft:picked_up":{"minecraft:wooden_axe":1,"minecraft:repeater":2,"minecraft:leather":1,"minecraft:diamond_sword":3,"minecraft:gray_stained_glass":1,"minecraft:stone_button":1,"minecraft:redstone":2,"minecraft:smooth_stone_slab":1,"minecraft:oak_sign":2,"minecraft:light_blue_wool":2,"minecraft:slime_block":1,"minecraft:lever":2,"minecraft:beef":1,"minecraft:redstone_torch":1,"minecraft:cyan_wool":2,"minecraft:green_wool":1,"minecraft:oak_button":1,"minecraft:obsidian":1,"minecraft:white_wool":5,"minecraft:blue_wool":1}},"DataVersion":2227}